Size,AverageTime(ns)
1,232811
2,155911
3,135990
4,125672
5,86833
6,134861
7,213689
8,181410
9,87118
10,76057
11,43637
12,799057
13,134152
14,72550
15,58941
16,40305
17,75152
18,94783
19,52663
20,62989
21,59394
22,71923
23,80480
24,93725
25,61484
26,64194
27,47465
28,63784
29,58280
30,69010
31,68425
32,79565
33,44642
34,62300
35,77600
36,124660
37,57894
38,49763
39,51557
40,54911
41,52375
42,78676
43,56213
44,107921
45,59764
46,60483
47,66610
48,73255
49,70157
50,64846
51,68700
52,133755
53,75512
54,72335
55,75972
56,77577
57,94578
58,105877
59,162673
60,128678
61,71058
62,137233
63,139470
64,98180
65,104340
66,76117
67,136165
68,99710
69,105661
70,125130
71,105700
72,130077
73,88182
74,90231
75,92316
76,96350
77,98183
78,181133
79,102078
80,108025
81,104181
82,106300
83,143290
84,111529
85,111244
86,113400
87,116155
88,169273
89,128933
90,122266
91,127370
92,131070
93,131083
94,130576
95,134394
96,138076
97,154789
98,138536
99,141055
100,143652
101,186370
102,147406
103,146668
104,161261
105,199205
106,156244
107,162911
108,164823
109,218736
110,168811
111,175329
112,184577
113,177261
114,182247
115,181626
116,282226
117,222635
118,191447
119,232463
120,202341
121,203229
122,208647
123,219029
124,222329
125,285955
126,299715
127,233962
128,242044
129,243457
130,356547
131,228276
132,280768
133,240058
134,404975
135,293160
136,330338
137,244994
138,257688
139,254781
140,250800
141,461331
142,278787
143,971368
144,502588
145,590544
146,267511
147,297241
148,284693
149,281776
150,292444
151,289568
152,291700
153,331210
154,294550
155,304568
156,302200
157,304464
158,424785
159,308381
160,323870
161,313965
162,344544
163,324035
164,399600
165,332100
166,351341
167,338894
168,351281
169,349110
170,372864
171,366630
172,356987
173,371835
174,389652
175,366866
176,373526
177,385800
178,403358
179,382788
180,384116
181,401481
182,393937
183,410894
184,400729
185,489985
186,439861
187,431031
188,436041
189,423594
190,457838
191,454326
192,434573
193,513715
194,454722
195,507280
196,485788
197,496058
198,457455
199,548705
200,487533
201,471268
202,517783
203,500350
204,485833
205,489438
206,568773
207,503942
208,506100
209,529917
210,530687
211,522650
212,515494
213,527118
214,533616
215,552944
216,545966
217,552511
218,548772
219,557443
220,576688
221,579366
222,568375
223,565052
224,572156
225,576518
226,644047
227,742115
228,743980
229,699663
230,755835
231,817355
232,857170
233,765368
234,645583
235,629964
236,643633
237,632517
238,661288
239,694778
240,738755
241,670200
242,658237
243,670955
244,680205
245,683670
246,685717
247,701766
248,707536
249,748316
250,701900
251,712315
252,726710
253,724655
254,726837
255,849063
256,856600
257,768638
258,738241
259,764370
260,766533
261,760181
262,765487
263,827500
264,797911
265,787025
266,791555
267,792658
268,848921
269,807317
270,810462
271,823517
272,813800
273,823717
274,835972
275,837764
276,851747
277,845925
278,924494
279,860081
280,862018
281,884894
282,883138
283,900847
284,901278
285,911311
286,920677
287,920200
288,1105260
289,925762
290,923523
291,961510
292,967505
293,977363
294,959616
295,964400
296,1022284
297,981088
298,1001958
299,985225
300,987572
301,1008194
302,1006782
303,1055321
304,1074616
305,1050327
306,1044841
307,1051216
308,1032329
309,1151015
310,1043683
311,1099650
312,1084144
313,1137763
314,1136226
315,1082681
316,1136683
317,1113200
318,1125255
319,1166294
320,1117076
321,1143937
322,1144138
323,1126852
324,1155911
325,1190673
326,1158335
327,1198688
328,1176535
329,1277494
330,1223652
331,1202482
332,1212622
333,1236600
334,1204394
335,1230564
336,1317294
337,1402855
338,1299289
339,1291850
340,1361300
341,1326733
342,1276429
343,1286616
344,1288741
345,1353038
346,1340011
347,1301037
348,1354682
349,1362255
350,1448400
351,1383222
352,1337935
353,1352664
354,1390561
355,1404533
356,1413835
357,1471936
358,1426329
359,1427111
360,1589310
361,1625145
362,1664850
363,1666133
364,1493994
365,1445882
366,1447811
367,1543195
368,1520284
369,1496678
370,1480366
371,1465306
372,1506070
373,1528168
374,1500588
375,1523083
376,1520376
377,1535872
378,1580894
379,1557050
380,1556252
381,1569841
382,1616395
383,1600215
384,1619626
385,1650830
386,1611483
387,1629050
388,1619200
389,1634788
390,1686542
391,1678138
392,1719826
393,1710230
394,1777975
395,1719521
396,1743789
397,1733994
398,1767495
399,1718000
400,1773289
401,1783757
402,1810045
403,1757711
404,1752337
405,2257155
406,1911575
407,1876789
408,1811015
409,1890168
410,1820355
411,1787212
412,1805031
413,1909855
414,1866061
415,1848282
416,1933965
417,1876461
418,1914944
419,1853150
420,1982085
421,2013400
422,1962561
423,1998925
424,1973411
425,1936161
426,2002744
427,1999438
428,2027145
429,2015478
430,2067952
431,1956870
432,2099675
433,2081122
434,1894305
435,1934810
436,1931220
437,1805875
438,1824062
439,1928510
440,1883233
441,1960935
442,1964742
443,2017255
444,1926765
445,1943111
446,1872412
447,2017235
448,2005960
449,1992605
450,2035050
451,2004638
452,1920156
453,2135010
454,2039994
455,2081410
456,2057440
457,2067163
458,2417190
459,2271255
460,2138975
461,2101957
462,2034625
463,2159836
464,2167870
465,2139647
466,2162036
467,2122444
468,2166421
469,2185252
470,2228400
471,2453175
472,2426273
473,2453889
474,2463185
475,2444288
476,2435316
477,2452952
478,2401400
479,2503576
480,2531980
481,2528875
482,2490683
483,2536505
484,2804365
485,2828400
486,2419745
487,2445305
488,2295944
489,2348378
490,2398245
491,2380616
492,2479030
493,2435143
494,2354872
495,2430675
496,2427544
497,2450484
498,2526740
499,2532495
500,2458794
501,2546515
502,2737942
503,2522245
504,2587215
505,2728966
506,2831485
507,2749644
508,2819273
509,2878745
510,2865435
511,2889505
512,2856955
513,2770462
514,2754093
515,2870852
516,2930705
517,2873289
518,2911931
519,2819364
520,2941833
521,2828327
522,2639815
523,2617315
524,2611211
525,2696340
526,2724530
527,2709642
528,2728690
529,2725050
530,2709494
531,2743731
532,2779450
533,2738894
534,2826775
535,2798100
536,2811521
537,2781157
538,2837740
539,2991131
540,3024557
541,2908025
542,2940975
543,2913045
544,2975735
545,2856426
546,2944000
547,2897527
548,2896473
549,2947155
550,2997236
551,2936652
552,2981420
553,3111565
554,2960933
555,3014526
556,3022260
557,3052595
558,3075605
559,3103975
560,3046666
561,3114230
562,3078770
563,2993611
564,3107042
565,3152770
566,3202770
567,3127520
568,3200821
569,3245878
570,3642800
571,3559595
572,3139661
573,3497605
574,3378400
575,3471630
576,3552390
577,3473058
578,3652721
579,3550926
580,3572194
581,3473281
582,3628757
583,3717000
584,3727235
585,3538012
586,3698821
587,3723521
588,3666263
589,3769689
590,3737805
591,3700738
592,3810615
593,3883865
594,3716463
595,3758763
596,3368583
597,3528305
598,3476800
599,3494931
600,3464863
601,3514889
602,3679790
603,3724200
604,3581784
605,3652978
606,3629857
607,3610478
608,3521442
609,3887133
610,4059310
611,3995505
612,4016790
613,4001157
614,4020905
615,4000847
616,4042489
617,4077936
618,4066031
619,4084915
620,4073689
621,3865070
622,3735600
623,3878420
624,3714473
625,3858920
626,3836145
627,3778200
628,3766331
629,3878894
630,4086450
631,3791900
632,4043395
633,3876784
634,4372380
635,4820926
636,4374035
637,4320884
638,4313426
639,4368768
640,4370380
641,4476390
642,4365166
643,4387942
644,4415800
645,4127473
646,4076490
647,4049245
648,4100240
649,4130610
650,4028355
651,4087275
652,4034666
653,4062078
654,4201980
655,4415595
656,4219740
657,4184600
658,4191342
659,4250775
660,4243955
661,4185765
662,4282980
663,4239590
664,4189252
665,4266060
666,4356950
667,4324660
668,4492373
669,4829375
670,4839926
671,4878320
672,4812330
673,4856160
674,4906015
675,5055010
676,4915330
677,4815200
678,4941660
679,4848842
680,4884230
681,4980090
682,4949210
683,5044900
684,4986100
685,4947875
686,4981005
687,4432258
688,4714905
689,5026657
690,5114320
691,4560310
692,4664305
693,4624833
694,4671195
695,4646950
696,4684173
697,5177295
698,5246505
699,5168436
700,5586440
701,5144516
702,5186557
703,5154000
704,5138911
705,5246226
706,4940561
707,4779573
708,4835110
709,4924445
710,4802105
711,4787011
712,4922895
713,4806011
714,4852455
715,4902836
716,4848447
717,4927980
718,4981265
719,4883889
720,5036235
721,5218972
722,5021070
723,5017575
724,5216515
725,5656735
726,6003055
727,5479866
728,5527957
729,5543368
730,5512838
731,5610605
732,5623525
733,5184577
734,5109550
735,5176520
736,5263247
737,5975615
738,5251695
739,5327621
740,5353273
741,5360157
742,5731800
743,5867020
744,5823265
745,5846230
746,5864850
747,5891222
748,5882321
749,5939047
750,5746400
751,5405584
752,5372620
753,5324561
754,5496815
755,5374115
756,5472365
757,5405083
758,5604278
759,5757635
760,5526422
761,5504189
762,5610195
763,5591715
764,5574465
765,5610540
766,5635125
767,5582535
768,5563078
769,5695595
770,5648784
771,5634165
772,5566272
773,5726426
774,5663215
775,5729110
776,5788320
777,5739235
778,6000263
779,5774521
780,6270694
781,6386905
782,6430420
783,6403744
784,6360926
785,6485031
786,6455415
787,6551435
788,6510550
789,6000370
790,5838322
791,5941880
792,5872410
793,6040755
794,5949889
795,6256085
796,6064752
797,6085960
798,6122900
799,6054300
800,6011330
801,6119747
802,6080325
803,6182578
804,6156336
805,6172470
806,6136925
807,6189445
808,6129166
809,6265075
810,6327635
811,6231760
812,6415185
813,6456615
814,6350668
815,6273365
816,6319463
817,6326031
818,6308590
819,6516010
820,6889545
821,6552390
822,6556189
823,6555610
824,6503511
825,6655290
826,6613663
827,6683315
828,6636294
829,6932950
830,6677385
831,6670975
832,6754845
833,6618176
834,6839505
835,6785020
836,6692952
837,6826830
838,6801821
839,8725988
840,8784042
841,6731500
842,6622147
843,6673510
844,7044370
845,6848245
846,6750457
847,6901495
848,6988336
849,7049215
850,7005389
851,7134110
852,7031457
853,7192260
854,7142650
855,7710255
856,7162910
857,7148165
858,7139275
859,7273157
860,7164121
861,7221630
862,7167205
863,7298975
864,7279545
865,7210027
866,7368400
867,7243925
868,7351000
869,7323400
870,7345580
871,7418657
872,7405875
873,7505865
874,7541255
875,7444065
876,7491010
877,7430035
878,7529160
879,7509115
880,7530555
881,7648740
882,7562073
883,7596325
884,7597720
885,7636761
886,7831075
887,7581933
888,8329358
889,7776860
890,7707365
891,7629817
892,7779795
893,7919620
894,7881220
895,7707694
896,7755510
897,7862125
898,7766010
899,7890270
900,7808500
901,8137726
902,7830880
903,7842200
904,7816320
905,7957510
906,7935057
907,7985010
908,7947236
909,7872400
910,8059931
911,8059990
912,8119365
913,8090220
914,8116921
915,8347415
916,8100685
917,8114731
918,8228485
919,8524087
920,10650689
921,9088880
922,8188080
923,8219890
924,8203515
925,8283835
926,8407350
927,8505663
928,8397465
929,8305060
930,8499110
931,8400505
932,8565030
933,8720585
934,8569845
935,8470930
936,8381630
937,8448810
938,8538850
939,8450005
940,8958400
941,8661610
942,8904140
943,8646435
944,8658695
945,8799910
946,8684584
947,8819730
948,9282530
949,8751905
950,8836225
951,9362765
952,9560585
953,9601243
954,9415657
955,9410711
956,9510978
957,9477472
958,8770555
959,8666331
960,8763170
961,9057405
